Code Domaine,Domaine,Code zone (FAO),Zone,Code Élément,Élément,Code Produit,Produit,Code année,Année,Unité,Valeur,Symbole,Description du Symbole,Note
"MK","Indicateurs macro","2","Afghanistan","6110","Valeur US $","22008","Produit Intérieur Brut","2003","2003","millions","4729.042179","X","Sources internationales sûres",""
"MK","Indicateurs macro","2","Afghanistan","6110","Valeur US $","22008","Produit Intérieur Brut","2013","2013","millions","19621.802455","X","Sources internationales sûres",""
"MK","Indicateurs macro","202","Afrique du Sud","6110","Valeur US $","22008","Produit Intérieur Brut","2003","2003","millions","175255.727017","X","Sources internationales sûres",""
"MK","Indicateurs macro","202","Afrique du Sud","6110","Valeur US $","22008","Produit Intérieur Brut","2013","2013","millions","366644.891404","X","Sources internationales sûres",""
"MK","Indicateurs macro","3","Albanie","6110","Valeur US $","22008","Produit Intérieur Brut","2003","2003","millions","5561.459461","X","Sources internationales sûres",""
"MK","Indicateurs macro","3","Albanie","6110","Valeur US $","22008","Produit Intérieur Brut","2013","2013","millions","12776.280738","X","Sources internationales sûres",""
"MK","Indicateurs macro","4","Algérie","6110","Valeur US $","22008","Produit Intérieur Brut","2003","2003","millions","67863.851626","X","Sources internationales sûres",""
"MK","Indicateurs macro","4","Algérie","6110","Valeur US $","22008","Produit Intérieur Brut","2013","2013","millions","209755.003251","X","Sources internationales sûres",""
"MK","Indicateurs macro","79","Allemagne","6110","Valeur US $","22008","Produit Intérieur Brut","2003","2003","millions","2496032.4141","X","Sources internationales sûres",""
"MK","Indicateurs macro","79","Allemagne","6110","Valeur US $","22008","Produit Intérieur Brut","2013","2013","millions","3732743.446219","X","Sources internationales sûres",""
"MK","Indicateurs macro","6","Andorre","6110","Valeur US $","22008","Produit Intérieur Brut","2003","2003","millions","2361.635625","X","Sources internationales sûres",""
"MK","Indicateurs macro","6","Andorre","6110","Valeur US $","22008","Produit Intérieur Brut","2013","2013","millions","3192.603086","X","Sources internationales sûres",""
"MK","Indicateurs macro","7","Angola","6110","Valeur US $","22008","Produit Intérieur Brut","2003","2003","millions","17812.704626","X","Sources internationales sûres",""
"MK","Indicateurs macro","7","Angola","6110","Valeur US $","22008","Produit Intérieur Brut","2013","2013","millions","136709.891897","X","Sources internationales sûres",""
"MK","Indicateurs macro","258","Anguilla","6110","Valeur US $","22008","Produit Intérieur Brut","2003","2003","millions","170.706104","X","Sources internationales sûres",""
"MK","Indicateurs macro","258","Anguilla","6110","Valeur US $","22008","Produit Intérieur Brut","2013","2013","millions","281.801879","X","Sources internationales sûres",""
"MK","Indicateurs macro","8","Antigua-et-Barbuda","6110","Valeur US $","22008","Produit Intérieur Brut","2003","2003","millions","856.396296","X","Sources internationales sûres",""
"MK","Indicateurs macro","8","Antigua-et-Barbuda","6110","Valeur US $","22008","Produit Intérieur Brut","2013","2013","millions","1181.448148","X","Sources internationales sûres",""
"MK","Indicateurs macro","151","Antilles néerlandaises (ex)","6110","Valeur US $","22008","Produit Intérieur Brut","2003","2003","millions","3019.647712","X","Sources internationales sûres",""
"MK","Indicateurs macro","194","Arabie saoudite","6110","Valeur US $","22008","Produit Intérieur Brut","2003","2003","millions","215807.858023","X","Sources internationales sûres",""
"MK","Indicateurs macro","194","Arabie saoudite","6110","Valeur US $","22008","Produit Intérieur Brut","2013","2013","millions","746647.127408","X","Sources internationales sûres",""
"MK","Indicateurs macro","9","Argentine","6110","Valeur US $","22008","Produit Intérieur Brut","2003","2003","millions","140444.139675","X","Sources internationales sûres",""
"MK","Indicateurs macro","9","Argentine","6110","Valeur US $","22008","Produit Intérieur Brut","2013","2013","millions","613316.027357","X","Sources internationales sûres",""
"MK","Indicateurs macro","1","Arménie","6110","Valeur US $","22008","Produit Intérieur Brut","2003","2003","millions","2993.550393","X","Sources internationales sûres",""
"MK","Indicateurs macro","1","Arménie","6110","Valeur US $","22008","Produit Intérieur Brut","2013","2013","millions","11121.46443","X","Sources internationales sûres",""
"MK","Indicateurs macro","22","Aruba","6110","Valeur US $","22008","Produit Intérieur Brut","2003","2003","millions","2118.129477","X","Sources internationales sûres",""
"MK","Indicateurs macro","22","Aruba","6110","Valeur US $","22008","Produit Intérieur Brut","2013","2013","millions","2701.759777","X","Sources internationales sûres",""
"MK","Indicateurs macro","10","Australie","6110","Valeur US $","22008","Produit Intérieur Brut","2003","2003","millions","558422.134392","X","Sources internationales sûres",""
"MK","Indicateurs macro","10","Australie","6110","Valeur US $","22008","Produit Intérieur Brut","2013","2013","millions","1543216.347504","X","Sources internationales sûres",""
"MK","Indicateurs macro","11","Autriche","6110","Valeur US $","22008","Produit Intérieur Brut","2003","2003","millions","261685.687441","X","Sources internationales sûres",""
"MK","Indicateurs macro","11","Autriche","6110","Valeur US $","22008","Produit Intérieur Brut","2013","2013","millions","430068.712972","X","Sources internationales sûres",""
"MK","Indicateurs macro","52","Azerbaïdjan","6110","Valeur US $","22008","Produit Intérieur Brut","2003","2003","millions","7276.413079","X","Sources internationales sûres",""
"MK","Indicateurs macro","52","Azerbaïdjan","6110","Valeur US $","22008","Produit Intérieur Brut","2013","2013","millions","74160.553009","X","Sources internationales sûres",""
"MK","Indicateurs macro","12","Bahamas","6110","Valeur US $","22008","Produit Intérieur Brut","2003","2003","millions","8870.1","X","Sources internationales sûres",""
"MK","Indicateurs macro","12","Bahamas","6110","Valeur US $","22008","Produit Intérieur Brut","2013","2013","millions","10568.4","X","Sources internationales sûres",""
"MK","Indicateurs macro","13","Bahreïn","6110","Valeur US $","22008","Produit Intérieur Brut","2003","2003","millions","11074.822141","X","Sources internationales sûres",""
"MK","Indicateurs macro","13","Bahreïn","6110","Valeur US $","22008","Produit Intérieur Brut","2013","2013","millions","32539.557497","X","Sources internationales sûres",""
"MK","Indicateurs macro","16","Bangladesh","6110","Valeur US $","22008","Produit Intérieur Brut","2003","2003","millions","51690.437358","X","Sources internationales sûres",""
"MK","Indicateurs macro","16","Bangladesh","6110","Valeur US $","22008","Produit Intérieur Brut","2013","2013","millions","153504.934847","X","Sources internationales sûres",""
"MK","Indicateurs macro","14","Barbade","6110","Valeur US $","22008","Produit Intérieur Brut","2003","2003","millions","3306.959448","X","Sources internationales sûres",""
"MK","Indicateurs macro","14","Barbade","6110","Valeur US $","22008","Produit Intérieur Brut","2013","2013","millions","4677.25","X","Sources internationales sûres",""
"MK","Indicateurs macro","57","Bélarus","6110","Valeur US $","22008","Produit Intérieur Brut","2003","2003","millions","18428.403815","X","Sources internationales sûres",""
"MK","Indicateurs macro","57","Bélarus","6110","Valeur US $","22008","Produit Intérieur Brut","2013","2013","millions","75527.534437","X","Sources internationales sûres",""
"MK","Indicateurs macro","255","Belgique","6110","Valeur US $","22008","Produit Intérieur Brut","2003","2003","millions","317369.476911","X","Sources internationales sûres",""
"MK","Indicateurs macro","255","Belgique","6110","Valeur US $","22008","Produit Intérieur Brut","2013","2013","millions","521642.714408","X","Sources internationales sûres",""
"MK","Indicateurs macro","23","Belize","6110","Valeur US $","22008","Produit Intérieur Brut","2003","2003","millions","983.514113","X","Sources internationales sûres",""
"MK","Indicateurs macro","23","Belize","6110","Valeur US $","22008","Produit Intérieur Brut","2013","2013","millions","1579.413516","X","Sources internationales sûres",""
"MK","Indicateurs macro","53","Bénin","6110","Valeur US $","22008","Produit Intérieur Brut","2003","2003","millions","3905.302433","X","Sources internationales sûres",""
"MK","Indicateurs macro","53","Bénin","6110","Valeur US $","22008","Produit Intérieur Brut","2013","2013","millions","10888.941592","X","Sources internationales sûres",""
"MK","Indicateurs macro","17","Bermudes","6110","Valeur US $","22008","Produit Intérieur Brut","2003","2003","millions","4186.525","X","Sources internationales sûres",""
"MK","Indicateurs macro","17","Bermudes","6110","Valeur US $","22008","Produit Intérieur Brut","2013","2013","millions","6465.755981","X","Sources internationales sûres",""
"MK","Indicateurs macro","18","Bhoutan","6110","Valeur US $","22008","Produit Intérieur Brut","2003","2003","millions","621.982253","X","Sources internationales sûres",""
"MK","Indicateurs macro","18","Bhoutan","6110","Valeur US $","22008","Produit Intérieur Brut","2013","2013","millions","1798.331398","X","Sources internationales sûres",""
"MK","Indicateurs macro","19","Bolivie (État plurinational de)","6110","Valeur US $","22008","Produit Intérieur Brut","2003","2003","millions","8082.399992","X","Sources internationales sûres",""
"MK","Indicateurs macro","19","Bolivie (État plurinational de)","6110","Valeur US $","22008","Produit Intérieur Brut","2013","2013","millions","30659.33888","X","Sources internationales sûres",""
"MK","Indicateurs macro","80","Bosnie-Herzégovine","6110","Valeur US $","22008","Produit Intérieur Brut","2003","2003","millions","8712.800449","X","Sources internationales sûres",""
"MK","Indicateurs macro","80","Bosnie-Herzégovine","6110","Valeur US $","22008","Produit Intérieur Brut","2013","2013","millions","18179.104674","X","Sources internationales sûres",""
"MK","Indicateurs macro","20","Botswana","6110","Valeur US $","22008","Produit Intérieur Brut","2003","2003","millions","7511.527477","X","Sources internationales sûres",""
"MK","Indicateurs macro","20","Botswana","6110","Valeur US $","22008","Produit Intérieur Brut","2013","2013","millions","14901.698534","X","Sources internationales sûres",""
"MK","Indicateurs macro","21","Brésil","6110","Valeur US $","22008","Produit Intérieur Brut","2003","2003","millions","558922.146818","X","Sources internationales sûres",""
"MK","Indicateurs macro","21","Brésil","6110","Valeur US $","22008","Produit Intérieur Brut","2013","2013","millions","2472819.362259","X","Sources internationales sûres",""
"MK","Indicateurs macro","26","Brunéi Darussalam","6110","Valeur US $","22008","Produit Intérieur Brut","2003","2003","millions","7265.920303","X","Sources internationales sûres",""
"MK","Indicateurs macro","26","Brunéi Darussalam","6110","Valeur US $","22008","Produit Intérieur Brut","2013","2013","millions","18094.152875","X","Sources internationales sûres",""
"MK","Indicateurs macro","27","Bulgarie","6110","Valeur US $","22008","Produit Intérieur Brut","2003","2003","millions","21144.95571","X","Sources internationales sûres",""
"MK","Indicateurs macro","27","Bulgarie","6110","Valeur US $","22008","Produit Intérieur Brut","2013","2013","millions","55592.598457","X","Sources internationales sûres",""
"MK","Indicateurs macro","233","Burkina Faso","6110","Valeur US $","22008","Produit Intérieur Brut","2003","2003","millions","4730.140672","X","Sources internationales sûres",""
"MK","Indicateurs macro","233","Burkina Faso","6110","Valeur US $","22008","Produit Intérieur Brut","2013","2013","millions","13440.479418","X","Sources internationales sûres",""
"MK","Indicateurs macro","29","Burundi","6110","Valeur US $","22008","Produit Intérieur Brut","2003","2003","millions","595.481332","X","Sources internationales sûres",""
"MK","Indicateurs macro","29","Burundi","6110","Valeur US $","22008","Produit Intérieur Brut","2013","2013","millions","2451.62528","X","Sources internationales sûres",""
"MK","Indicateurs macro","35","Cabo Verde","6110","Valeur US $","22008","Produit Intérieur Brut","2003","2003","millions","925.693193","X","Sources internationales sûres",""
"MK","Indicateurs macro","35","Cabo Verde","6110","Valeur US $","22008","Produit Intérieur Brut","2013","2013","millions","1850.95214","X","Sources internationales sûres",""
"MK","Indicateurs macro","115","Cambodge","6110","Valeur US $","22008","Produit Intérieur Brut","2003","2003","millions","4664.899329","X","Sources internationales sûres",""
"MK","Indicateurs macro","115","Cambodge","6110","Valeur US $","22008","Produit Intérieur Brut","2013","2013","millions","15268.706934","X","Sources internationales sûres",""
"MK","Indicateurs macro","32","Cameroun","6110","Valeur US $","22008","Produit Intérieur Brut","2003","2003","millions","14735.453499","X","Sources internationales sûres",""
"MK","Indicateurs macro","32","Cameroun","6110","Valeur US $","22008","Produit Intérieur Brut","2013","2013","millions","32348.147495","X","Sources internationales sûres",""
"MK","Indicateurs macro","33","Canada","6110","Valeur US $","22008","Produit Intérieur Brut","2003","2003","millions","895575.10965","X","Sources internationales sûres",""
"MK","Indicateurs macro","33","Canada","6110","Valeur US $","22008","Produit Intérieur Brut","2013","2013","millions","1847206.580024","X","Sources internationales sûres",""
"MK","Indicateurs macro","40","Chili","6110","Valeur US $","22008","Produit Intérieur Brut","2003","2003","millions","76084.234602","X","Sources internationales sûres",""
"MK","Indicateurs macro","40","Chili","6110","Valeur US $","22008","Produit Intérieur Brut","2013","2013","millions","278384.345259","X","Sources internationales sûres",""
"MK","Indicateurs macro","351","Chine","6110","Valeur US $","22008","Produit Intérieur Brut","2003","2003","millions","1829860.73875","A","Agrégat, peut inclure des données officielles, semi-officielles, estimées ou calculées",""
"MK","Indicateurs macro","351","Chine","6110","Valeur US $","22008","Produit Intérieur Brut","2013","2013","millions","9897719.344278","A","Agrégat, peut inclure des données officielles, semi-officielles, estimées ou calculées",""
"MK","Indicateurs macro","96","Chine - RAS de Hong-Kong","6110","Valeur US $","22008","Produit Intérieur Brut","2003","2003","millions","161385.558802","X","Sources internationales sûres",""
"MK","Indicateurs macro","96","Chine - RAS de Hong-Kong","6110","Valeur US $","22008","Produit Intérieur Brut","2013","2013","millions","275696.879835","X","Sources internationales sûres",""
"MK","Indicateurs macro","128","Chine - RAS de Macao","6110","Valeur US $","22008","Produit Intérieur Brut","2003","2003","millions","8194.991104","X","Sources internationales sûres",""
"MK","Indicateurs macro","128","Chine - RAS de Macao","6110","Valeur US $","22008","Produit Intérieur Brut","2013","2013","millions","51552.364121","X","Sources internationales sûres",""
"MK","Indicateurs macro","41","Chine, continentale","6110","Valeur US $","22008","Produit Intérieur Brut","2003","2003","millions","1660280.188844","X","Sources internationales sûres",""
"MK","Indicateurs macro","41","Chine, continentale","6110","Valeur US $","22008","Produit Intérieur Brut","2013","2013","millions","9570470.100322","X","Sources internationales sûres",""
"MK","Indicateurs macro","50","Chypre","6110","Valeur US $","22008","Produit Intérieur Brut","2003","2003","millions","14529.168064","X","Sources internationales sûres",""
"MK","Indicateurs macro","50","Chypre","6110","Valeur US $","22008","Produit Intérieur Brut","2013","2013","millions","23892.691524","X","Sources internationales sûres",""
"MK","Indicateurs macro","44","Colombie","6110","Valeur US $","22008","Produit Intérieur Brut","2003","2003","millions","94029.83197","X","Sources internationales sûres",""
"MK","Indicateurs macro","44","Colombie","6110","Valeur US $","22008","Produit Intérieur Brut","2013","2013","millions","382116.120909","X","Sources internationales sûres",""
"MK","Indicateurs macro","45","Comores","6110","Valeur US $","22008","Produit Intérieur Brut","2003","2003","millions","657.32798","X","Sources internationales sûres",""
"MK","Indicateurs macro","45","Comores","6110","Valeur US $","22008","Produit Intérieur Brut","2013","2013","millions","1115.905293","X","Sources internationales sûres",""
"MK","Indicateurs macro","46","Congo","6110","Valeur US $","22008","Produit Intérieur Brut","2003","2003","millions","3646.832939","X","Sources internationales sûres",""
"MK","Indicateurs macro","46","Congo","6110","Valeur US $","22008","Produit Intérieur Brut","2013","2013","millions","17953.615755","X","Sources internationales sûres",""
"MK","Indicateurs macro","48","Costa Rica","6110","Valeur US $","22008","Produit Intérieur Brut","2003","2003","millions","17195.913957","X","Sources internationales sûres",""
"MK","Indicateurs macro","48","Costa Rica","6110","Valeur US $","22008","Produit Intérieur Brut","2013","2013","millions","49745.08487","X","Sources internationales sûres",""
"MK","Indicateurs macro","107","Côte d'Ivoire","6110","Valeur US $","22008","Produit Intérieur Brut","2003","2003","millions","15306.598754","X","Sources internationales sûres",""
"MK","Indicateurs macro","107","Côte d'Ivoire","6110","Valeur US $","22008","Produit Intérieur Brut","2013","2013","millions","38803.859037","X","Sources internationales sûres",""
"MK","Indicateurs macro","98","Croatie","6110","Valeur US $","22008","Produit Intérieur Brut","2003","2003","millions","34686.712108","X","Sources internationales sûres",""
"MK","Indicateurs macro","98","Croatie","6110","Valeur US $","22008","Produit Intérieur Brut","2013","2013","millions","58057.146117","X","Sources internationales sûres",""
"MK","Indicateurs macro","49","Cuba","6110","Valeur US $","22008","Produit Intérieur Brut","2003","2003","millions","35901.1","X","Sources internationales sûres",""
"MK","Indicateurs macro","49","Cuba","6110","Valeur US $","22008","Produit Intérieur Brut","2013","2013","millions","77148","X","Sources internationales sûres",""
"MK","Indicateurs macro","279","Curaçao","6110","Valeur US $","22008","Produit Intérieur Brut","2013","2013","millions","3147.616183","X","Sources internationales sûres",""
"MK","Indicateurs macro","54","Danemark","6110","Valeur US $","22008","Produit Intérieur Brut","2003","2003","millions","218096.87993","X","Sources internationales sûres",""
"MK","Indicateurs macro","54","Danemark","6110","Valeur US $","22008","Produit Intérieur Brut","2013","2013","millions","343584.385594","X","Sources internationales sûres",""
"MK","Indicateurs macro","72","Djibouti","6110","Valeur US $","22008","Produit Intérieur Brut","2003","2003","millions","623.231067","X","Sources internationales sûres",""
"MK","Indicateurs macro","72","Djibouti","6110","Valeur US $","22008","Produit Intérieur Brut","2013","2013","millions","2042.817163","X","Sources internationales sûres",""
"MK","Indicateurs macro","55","Dominique","6110","Valeur US $","22008","Produit Intérieur Brut","2003","2003","millions","343.311111","X","Sources internationales sûres",""
"MK","Indicateurs macro","55","Dominique","6110","Valeur US $","22008","Produit Intérieur Brut","2013","2013","millions","498.296296","X","Sources internationales sûres",""
"MK","Indicateurs macro","59","Égypte","6110","Valeur US $","22008","Produit Intérieur Brut","2003","2003","millions","74076.435595","X","Sources internationales sûres",""
"MK","Indicateurs macro","59","Égypte","6110","Valeur US $","22008","Produit Intérieur Brut","2013","2013","millions","270782.459345","X","Sources internationales sûres",""
"MK","Indicateurs macro","60","El Salvador","6110","Valeur US $","22008","Produit Intérieur Brut","2003","2003","millions","13243.892169","X","Sources internationales sûres",""
"MK","Indicateurs macro","60","El Salvador","6110","Valeur US $","22008","Produit Intérieur Brut","2013","2013","millions","21990.962051","X","Sources internationales sûres",""
"MK","Indicateurs macro","225","Émirats arabes unis","6110","Valeur US $","22008","Produit Intérieur Brut","2003","2003","millions","125971.349039","X","Sources internationales sûres",""
"MK","Indicateurs macro","225","Émirats arabes unis","6110","Valeur US $","22008","Produit Intérieur Brut","2013","2013","millions","390107.528483","X","Sources internationales sûres",""
"MK","Indicateurs macro","58","Équateur","6110","Valeur US $","22008","Produit Intérieur Brut","2003","2003","millions","32432.859","X","Sources internationales sûres",""
"MK","Indicateurs macro","58","Équateur","6110","Valeur US $","22008","Produit Intérieur Brut","2013","2013","millions","95129.659","X","Sources internationales sûres",""
"MK","Indicateurs macro","178","Érythrée","6110","Valeur US $","22008","Produit Intérieur Brut","2003","2003","millions","870.248292","X","Sources internationales sûres",""
"MK","Indicateurs macro","178","Érythrée","6110","Valeur US $","22008","Produit Intérieur Brut","2013","2013","millions","1957.95122","X","Sources internationales sûres",""
"MK","Indicateurs macro","203","Espagne","6110","Valeur US $","22008","Produit Intérieur Brut","2003","2003","millions","905457.182332","X","Sources internationales sûres",""
"MK","Indicateurs macro","203","Espagne","6110","Valeur US $","22008","Produit Intérieur Brut","2013","2013","millions","1354757.433213","X","Sources internationales sûres",""
"MK","Indicateurs macro","63","Estonie","6110","Valeur US $","22008","Produit Intérieur Brut","2003","2003","millions","9877.791716","X","Sources internationales sûres",""
"MK","Indicateurs macro","63","Estonie","6110","Valeur US $","22008","Produit Intérieur Brut","2013","2013","millions","25271.406708","X","Sources internationales sûres",""
"MK","Indicateurs macro","209","Eswatini","6110","Valeur US $","22008","Produit Intérieur Brut","2003","2003","millions","2197.598421","X","Sources internationales sûres",""
"MK","Indicateurs macro","209","Eswatini","6110","Valeur US $","22008","Produit Intérieur Brut","2013","2013","millions","4597.723865","X","Sources internationales sûres",""
"MK","Indicateurs macro","231","États-Unis d'Amérique","6110","Valeur US $","22008","Produit Intérieur Brut","2003","2003","millions","11458246","X","Sources internationales sûres",""
"MK","Indicateurs macro","231","États-Unis d'Amérique","6110","Valeur US $","22008","Produit Intérieur Brut","2013","2013","millions","16784851","X","Sources internationales sûres",""
"MK","Indicateurs macro","238","Éthiopie","6110","Valeur US $","22008","Produit Intérieur Brut","2003","2003","millions","8454.148505","X","Sources internationales sûres",""
"MK","Indicateurs macro","238","Éthiopie","6110","Valeur US $","22008","Produit Intérieur Brut","2013","2013","millions","46542.005272","X","Sources internationales sûres",""
"MK","Indicateurs macro","185","Fédération de Russie","6110","Valeur US $","22008","Produit Intérieur Brut","2003","2003","millions","434560.366632","X","Sources internationales sûres",""
"MK","Indicateurs macro","185","Fédération de Russie","6110","Valeur US $","22008","Produit Intérieur Brut","2013","2013","millions","2297124.890547","X","Sources internationales sûres",""
"MK","Indicateurs macro","66","Fidji","6110","Valeur US $","22008","Produit Intérieur Brut","2003","2003","millions","2344.80934","X","Sources internationales sûres",""
"MK","Indicateurs macro","66","Fidji","6110","Valeur US $","22008","Produit Intérieur Brut","2013","2013","millions","4189.863717","X","Sources internationales sûres",""
"MK","Indicateurs macro","67","Finlande","6110","Valeur US $","22008","Produit Intérieur Brut","2003","2003","millions","171267.6618","X","Sources internationales sûres",""
"MK","Indicateurs macro","67","Finlande","6110","Valeur US $","22008","Produit Intérieur Brut","2013","2013","millions","271285.280621","X","Sources internationales sûres",""
"MK","Indicateurs macro","68","France","6110","Valeur US $","22008","Produit Intérieur Brut","2003","2003","millions","1840409.841231","X","Sources internationales sûres",""
"MK","Indicateurs macro","68","France","6110","Valeur US $","22008","Produit Intérieur Brut","2013","2013","millions","2811077.725704","X","Sources internationales sûres",""
"MK","Indicateurs macro","74","Gabon","6110","Valeur US $","22008","Produit Intérieur Brut","2003","2003","millions","6557.29171","X","Sources internationales sûres",""
"MK","Indicateurs macro","74","Gabon","6110","Valeur US $","22008","Produit Intérieur Brut","2013","2013","millions","17590.679583","X","Sources internationales sûres",""
"MK","Indicateurs macro","75","Gambie","6110","Valeur US $","22008","Produit Intérieur Brut","2003","2003","millions","809.425088","X","Sources internationales sûres",""
"MK","Indicateurs macro","75","Gambie","6110","Valeur US $","22008","Produit Intérieur Brut","2013","2013","millions","1375.609459","X","Sources internationales sûres",""
"MK","Indicateurs macro","73","Géorgie","6110","Valeur US $","22008","Produit Intérieur Brut","2003","2003","millions","4198.839435","X","Sources internationales sûres",""
"MK","Indicateurs macro","73","Géorgie","6110","Valeur US $","22008","Produit Intérieur Brut","2013","2013","millions","17190.037477","X","Sources internationales sûres",""
"MK","Indicateurs macro","81","Ghana","6110","Valeur US $","22008","Produit Intérieur Brut","2003","2003","millions","16190.785267","X","Sources internationales sûres",""
"MK","Indicateurs macro","81","Ghana","6110","Valeur US $","22008","Produit Intérieur Brut","2013","2013","millions","63278.836051","X","Sources internationales sûres",""
"MK","Indicateurs macro","84","Grèce","6110","Valeur US $","22008","Produit Intérieur Brut","2003","2003","millions","201916.317824","X","Sources internationales sûres",""
"MK","Indicateurs macro","84","Grèce","6110","Valeur US $","22008","Produit Intérieur Brut","2013","2013","millions","238484.050024","X","Sources internationales sûres",""
"MK","Indicateurs macro","86","Grenade","6110","Valeur US $","22008","Produit Intérieur Brut","2003","2003","millions","591.018519","X","Sources internationales sûres",""
"MK","Indicateurs macro","86","Grenade","6110","Valeur US $","22008","Produit Intérieur Brut","2013","2013","millions","842.57037","X","Sources internationales sûres",""
"MK","Indicateurs macro","85","Groenland","6110","Valeur US $","22008","Produit Intérieur Brut","2003","2003","millions","1558.759744","X","Sources internationales sûres",""
"MK","Indicateurs macro","85","Groenland","6110","Valeur US $","22008","Produit Intérieur Brut","2013","2013","millions","2684.94714","X","Sources internationales sûres",""
"MK","Indicateurs macro","89","Guatemala","6110","Valeur US $","22008","Produit Intérieur Brut","2003","2003","millions","21569.748083","X","Sources internationales sûres",""
"MK","Indicateurs macro","89","Guatemala","6110","Valeur US $","22008","Produit Intérieur Brut","2013","2013","millions","52996.447872","X","Sources internationales sûres",""
"MK","Indicateurs macro","90","Guinée","6110","Valeur US $","22008","Produit Intérieur Brut","2003","2003","millions","4765.756665","X","Sources internationales sûres",""
"MK","Indicateurs macro","90","Guinée","6110","Valeur US $","22008","Produit Intérieur Brut","2013","2013","millions","8376.613912","X","Sources internationales sûres",""
"MK","Indicateurs macro","61","Guinée équatoriale","6110","Valeur US $","22008","Produit Intérieur Brut","2003","2003","millions","3697.915667","X","Sources internationales sûres",""
"MK","Indicateurs macro","61","Guinée équatoriale","6110","Valeur US $","22008","Produit Intérieur Brut","2013","2013","millions","21942.553595","X","Sources internationales sûres",""
"MK","Indicateurs macro","175","Guinée-Bissau","6110","Valeur US $","22008","Produit Intérieur Brut","2003","2003","millions","476.38997","X","Sources internationales sûres",""
"MK","Indicateurs macro","175","Guinée-Bissau","6110","Valeur US $","22008","Produit Intérieur Brut","2013","2013","millions","1045.790295","X","Sources internationales sûres",""
"MK","Indicateurs macro","91","Guyana","6110","Valeur US $","22008","Produit Intérieur Brut","2003","2003","millions","1513.671921","X","Sources internationales sûres",""
"MK","Indicateurs macro","91","Guyana","6110","Valeur US $","22008","Produit Intérieur Brut","2013","2013","millions","4167.800936","X","Sources internationales sûres",""
"MK","Indicateurs macro","93","Haïti","6110","Valeur US $","22008","Produit Intérieur Brut","2003","2003","millions","2826.697267","X","Sources internationales sûres",""
"MK","Indicateurs macro","93","Haïti","6110","Valeur US $","22008","Produit Intérieur Brut","2013","2013","millions","8384.566808","X","Sources internationales sûres",""
"MK","Indicateurs macro","95","Honduras","6110","Valeur US $","22008","Produit Intérieur Brut","2003","2003","millions","8233.819456","X","Sources internationales sûres",""
"MK","Indicateurs macro","95","Honduras","6110","Valeur US $","22008","Produit Intérieur Brut","2013","2013","millions","18499.729063","X","Sources internationales sûres",""
"MK","Indicateurs macro","97","Hongrie","6110","Valeur US $","22008","Produit Intérieur Brut","2003","2003","millions","85302.016584","X","Sources internationales sûres",""
"MK","Indicateurs macro","97","Hongrie","6110","Valeur US $","22008","Produit Intérieur Brut","2013","2013","millions","135411.698965","X","Sources internationales sûres",""
"MK","Indicateurs macro","36","Îles Caïmanes","6110","Valeur US $","22008","Produit Intérieur Brut","2003","2003","millions","3330.982385","X","Sources internationales sûres",""
"MK","Indicateurs macro","36","Îles Caïmanes","6110","Valeur US $","22008","Produit Intérieur Brut","2013","2013","millions","4477.417089","X","Sources internationales sûres",""
"MK","Indicateurs macro","47","Îles Cook","6110","Valeur US $","22008","Produit Intérieur Brut","2003","2003","millions","166.696568","X","Sources internationales sûres",""
"MK","Indicateurs macro","47","Îles Cook","6110","Valeur US $","22008","Produit Intérieur Brut","2013","2013","millions","289.201533","X","Sources internationales sûres",""
"MK","Indicateurs macro","127","Îles Marshall","6110","Valeur US $","22008","Produit Intérieur Brut","2003","2003","millions","127.248117","X","Sources internationales sûres",""
"MK","Indicateurs macro","127","Îles Marshall","6110","Valeur US $","22008","Produit Intérieur Brut","2013","2013","millions","192.305672","X","Sources internationales sûres",""
"MK","Indicateurs macro","25","Îles Salomon","6110","Valeur US $","22008","Produit Intérieur Brut","2003","2003","millions","314.257618","X","Sources internationales sûres",""
"MK","Indicateurs macro","25","Îles Salomon","6110","Valeur US $","22008","Produit Intérieur Brut","2013","2013","millions","1052.663394","X","Sources internationales sûres",""
"MK","Indicateurs macro","224","Îles Turques-et-Caïques","6110","Valeur US $","22008","Produit Intérieur Brut","2003","2003","millions","409.75364","X","Sources internationales sûres",""
"MK","Indicateurs macro","224","Îles Turques-et-Caïques","6110","Valeur US $","22008","Produit Intérieur Brut","2013","2013","millions","740.777","X","Sources internationales sûres",""
"MK","Indicateurs macro","239","Îles Vierges britanniques","6110","Valeur US $","22008","Produit Intérieur Brut","2003","2003","millions","813.093793","X","Sources internationales sûres",""
"MK","Indicateurs macro","239","Îles Vierges britanniques","6110","Valeur US $","22008","Produit Intérieur Brut","2013","2013","millions","1032.787659","X","Sources internationales sûres",""
"MK","Indicateurs macro","100","Inde","6110","Valeur US $","22008","Produit Intérieur Brut","2003","2003","millions","599470.430509","X","Sources internationales sûres",""
"MK","Indicateurs macro","100","Inde","6110","Valeur US $","22008","Produit Intérieur Brut","2013","2013","millions","1917053.695705","X","Sources internationales sûres",""
"MK","Indicateurs macro","101","Indonésie","6110","Valeur US $","22008","Produit Intérieur Brut","2003","2003","millions","249968.413218","X","Sources internationales sûres",""
"MK","Indicateurs macro","101","Indonésie","6110","Valeur US $","22008","Produit Intérieur Brut","2013","2013","millions","912524.136718","X","Sources internationales sûres",""
"MK","Indicateurs macro","102","Iran (République islamique d')","6110","Valeur US $","22008","Produit Intérieur Brut","2003","2003","millions","155155.859192","X","Sources internationales sûres",""
"MK","Indicateurs macro","102","Iran (République islamique d')","6110","Valeur US $","22008","Produit Intérieur Brut","2013","2013","millions","539465.961433","X","Sources internationales sûres",""
"MK","Indicateurs macro","103","Iraq","6110","Valeur US $","22008","Produit Intérieur Brut","2003","2003","millions","23143.469235","X","Sources internationales sûres",""
"MK","Indicateurs macro","103","Iraq","6110","Valeur US $","22008","Produit Intérieur Brut","2013","2013","millions","234637.675129","X","Sources internationales sûres",""
"MK","Indicateurs macro","104","Irlande","6110","Valeur US $","22008","Produit Intérieur Brut","2003","2003","millions","164252.808159","X","Sources internationales sûres",""
"MK","Indicateurs macro","104","Irlande","6110","Valeur US $","22008","Produit Intérieur Brut","2013","2013","millions","238483.821653","X","Sources internationales sûres",""
"MK","Indicateurs macro","99","Islande","6110","Valeur US $","22008","Produit Intérieur Brut","2003","2003","millions","11414.057526","X","Sources internationales sûres",""
"MK","Indicateurs macro","99","Islande","6110","Valeur US $","22008","Produit Intérieur Brut","2013","2013","millions","16033.517403","X","Sources internationales sûres",""
"MK","Indicateurs macro","105","Israël","6110","Valeur US $","22008","Produit Intérieur Brut","2003","2003","millions","126965.056571","X","Sources internationales sûres",""
"MK","Indicateurs macro","105","Israël","6110","Valeur US $","22008","Produit Intérieur Brut","2013","2013","millions","292636.165524","X","Sources internationales sûres",""
"MK","Indicateurs macro","106","Italie","6110","Valeur US $","22008","Produit Intérieur Brut","2003","2003","millions","1574085.122752","X","Sources internationales sûres",""
"MK","Indicateurs macro","106","Italie","6110","Valeur US $","22008","Produit Intérieur Brut","2013","2013","millions","2141315.327318","X","Sources internationales sûres",""
"MK","Indicateurs macro","109","Jamaïque","6110","Valeur US $","22008","Produit Intérieur Brut","2003","2003","millions","9430.240115","X","Sources internationales sûres",""
"MK","Indicateurs macro","109","Jamaïque","6110","Valeur US $","22008","Produit Intérieur Brut","2013","2013","millions","14286.521535","X","Sources internationales sûres",""
"MK","Indicateurs macro","110","Japon","6110","Valeur US $","22008","Produit Intérieur Brut","2003","2003","millions","4445659.44531","X","Sources internationales sûres",""
"MK","Indicateurs macro","110","Japon","6110","Valeur US $","22008","Produit Intérieur Brut","2013","2013","millions","5155717.056271","X","Sources internationales sûres",""
"MK","Indicateurs macro","112","Jordanie","6110","Valeur US $","22008","Produit Intérieur Brut","2003","2003","millions","10513.530867","X","Sources internationales sûres",""
"MK","Indicateurs macro","112","Jordanie","6110","Valeur US $","22008","Produit Intérieur Brut","2013","2013","millions","34454.929577","X","Sources internationales sûres",""
"MK","Indicateurs macro","108","Kazakhstan","6110","Valeur US $","22008","Produit Intérieur Brut","2003","2003","millions","30833.690826","X","Sources internationales sûres",""
"MK","Indicateurs macro","108","Kazakhstan","6110","Valeur US $","22008","Produit Intérieur Brut","2013","2013","millions","236634.603928","X","Sources internationales sûres",""
"MK","Indicateurs macro","114","Kenya","6110","Valeur US $","22008","Produit Intérieur Brut","2003","2003","millions","17104.697954","X","Sources internationales sûres",""
"MK","Indicateurs macro","114","Kenya","6110","Valeur US $","22008","Produit Intérieur Brut","2013","2013","millions","55096.743583","X","Sources internationales sûres",""
"MK","Indicateurs macro","113","Kirghizistan","6110","Valeur US $","22008","Produit Intérieur Brut","2003","2003","millions","1921.528579","X","Sources internationales sûres",""
"MK","Indicateurs macro","113","Kirghizistan","6110","Valeur US $","22008","Produit Intérieur Brut","2013","2013","millions","7335.033799","X","Sources internationales sûres",""
"MK","Indicateurs macro","83","Kiribati","6110","Valeur US $","22008","Produit Intérieur Brut","2003","2003","millions","94.201435","X","Sources internationales sûres",""
"MK","Indicateurs macro","83","Kiribati","6110","Valeur US $","22008","Produit Intérieur Brut","2013","2013","millions","185.105678","X","Sources internationales sûres",""
"MK","Indicateurs macro","118","Koweït","6110","Valeur US $","22008","Produit Intérieur Brut","2003","2003","millions","47873.988053","X","Sources internationales sûres",""
"MK","Indicateurs macro","118","Koweït","6110","Valeur US $","22008","Produit Intérieur Brut","2013","2013","millions","174167.626657","X","Sources internationales sûres",""
"MK","Indicateurs macro","122","Lesotho","6110","Valeur US $","22008","Produit Intérieur Brut","2003","2003","millions","1033.046679","X","Sources internationales sûres",""
"MK","Indicateurs macro","122","Lesotho","6110","Valeur US $","22008","Produit Intérieur Brut","2013","2013","millions","2420.00133","X","Sources internationales sûres",""
"MK","Indicateurs macro","119","Lettonie","6110","Valeur US $","22008","Produit Intérieur Brut","2003","2003","millions","11748.941015","X","Sources internationales sûres",""
"MK","Indicateurs macro","119","Lettonie","6110","Valeur US $","22008","Produit Intérieur Brut","2013","2013","millions","30432.797633","X","Sources internationales sûres",""
"MK","Indicateurs macro","121","Liban","6110","Valeur US $","22008","Produit Intérieur Brut","2003","2003","millions","19801.577179","X","Sources internationales sûres",""
"MK","Indicateurs macro","121","Liban","6110","Valeur US $","22008","Produit Intérieur Brut","2013","2013","millions","46909.335135","X","Sources internationales sûres",""
"MK","Indicateurs macro","123","Libéria","6110","Valeur US $","22008","Produit Intérieur Brut","2003","2003","millions","529.063491","X","Sources internationales sûres",""
"MK","Indicateurs macro","123","Libéria","6110","Valeur US $","22008","Produit Intérieur Brut","2013","2013","millions","1936","X","Sources internationales sûres",""
"MK","Indicateurs macro","124","Libye","6110","Valeur US $","22008","Produit Intérieur Brut","2003","2003","millions","26235.922005","X","Sources internationales sûres",""
"MK","Indicateurs macro","124","Libye","6110","Valeur US $","22008","Produit Intérieur Brut","2013","2013","millions","65825.571415","X","Sources internationales sûres",""
"MK","Indicateurs macro","125","Liechtenstein","6110","Valeur US $","22008","Produit Intérieur Brut","2003","2003","millions","3396.302748","X","Sources internationales sûres",""
"MK","Indicateurs macro","125","Liechtenstein","6110","Valeur US $","22008","Produit Intérieur Brut","2013","2013","millions","6391.711429","X","Sources internationales sûres",""
"MK","Indicateurs macro","126","Lituanie","6110","Valeur US $","22008","Produit Intérieur Brut","2003","2003","millions","18781.970092","X","Sources internationales sûres",""
"MK","Indicateurs macro","126","Lituanie","6110","Valeur US $","22008","Produit Intérieur Brut","2013","2013","millions","46514.471182","X","Sources internationales sûres",""
"MK","Indicateurs macro","256","Luxembourg","6110","Valeur US $","22008","Produit Intérieur Brut","2003","2003","millions","29556.185286","X","Sources internationales sûres",""
"MK","Indicateurs macro","256","Luxembourg","6110","Valeur US $","22008","Produit Intérieur Brut","2013","2013","millions","61739.352212","X","Sources internationales sûres",""
"MK","Indicateurs macro","154","Macédoine du Nord","6110","Valeur US $","22008","Produit Intérieur Brut","2003","2003","millions","4946.289079","X","Sources internationales sûres",""
"MK","Indicateurs macro","154","Macédoine du Nord","6110","Valeur US $","22008","Produit Intérieur Brut","2013","2013","millions","10817.71203","X","Sources internationales sûres",""
"MK","Indicateurs macro","129","Madagascar","6110","Valeur US $","22008","Produit Intérieur Brut","2003","2003","millions","6354.960759","X","Sources internationales sûres",""
"MK","Indicateurs macro","129","Madagascar","6110","Valeur US $","22008","Produit Intérieur Brut","2013","2013","millions","12423.555457","X","Sources internationales sûres",""
"MK","Indicateurs macro","131","Malaisie","6110","Valeur US $","22008","Produit Intérieur Brut","2003","2003","millions","110202.368421","X","Sources internationales sûres",""
"MK","Indicateurs macro","131","Malaisie","6110","Valeur US $","22008","Produit Intérieur Brut","2013","2013","millions","323276.281683","X","Sources internationales sûres",""
"MK","Indicateurs macro","130","Malawi","6110","Valeur US $","22008","Produit Intérieur Brut","2003","2003","millions","3209.166776","X","Sources internationales sûres",""
"MK","Indicateurs macro","130","Malawi","6110","Valeur US $","22008","Produit Intérieur Brut","2013","2013","millions","5290.354704","X","Sources internationales sûres",""
"MK","Indicateurs macro","132","Maldives","6110","Valeur US $","22008","Produit Intérieur Brut","2003","2003","millions","1052.121056","X","Sources internationales sûres",""
"MK","Indicateurs macro","132","Maldives","6110","Valeur US $","22008","Produit Intérieur Brut","2013","2013","millions","3295.00923","X","Sources internationales sûres",""
"MK","Indicateurs macro","133","Mali","6110","Valeur US $","22008","Produit Intérieur Brut","2003","2003","millions","4703.504354","X","Sources internationales sûres",""
"MK","Indicateurs macro","133","Mali","6110","Valeur US $","22008","Produit Intérieur Brut","2013","2013","millions","13245.776666","X","Sources internationales sûres",""
"MK","Indicateurs macro","134","Malte","6110","Valeur US $","22008","Produit Intérieur Brut","2003","2003","millions","5415.735009","X","Sources internationales sûres",""
"MK","Indicateurs macro","134","Malte","6110","Valeur US $","22008","Produit Intérieur Brut","2013","2013","millions","10159.206957","X","Sources internationales sûres",""
"MK","Indicateurs macro","143","Maroc","6110","Valeur US $","22008","Produit Intérieur Brut","2003","2003","millions","52351.22275","X","Sources internationales sûres",""
"MK","Indicateurs macro","143","Maroc","6110","Valeur US $","22008","Produit Intérieur Brut","2013","2013","millions","106825.600094","X","Sources internationales sûres",""
"MK","Indicateurs macro","137","Maurice","6110","Valeur US $","22008","Produit Intérieur Brut","2003","2003","millions","6073.442659","X","Sources internationales sûres",""
"MK","Indicateurs macro","137","Maurice","6110","Valeur US $","22008","Produit Intérieur Brut","2013","2013","millions","12129.658758","X","Sources internationales sûres",""
"MK","Indicateurs macro","136","Mauritanie","6110","Valeur US $","22008","Produit Intérieur Brut","2003","2003","millions","2051.147606","X","Sources internationales sûres",""
"MK","Indicateurs macro","136","Mauritanie","6110","Valeur US $","22008","Produit Intérieur Brut","2013","2013","millions","7223.071177","X","Sources internationales sûres",""
"MK","Indicateurs macro","138","Mexique","6110","Valeur US $","22008","Produit Intérieur Brut","2003","2003","millions","729335.024013","X","Sources internationales sûres",""
"MK","Indicateurs macro","138","Mexique","6110","Valeur US $","22008","Produit Intérieur Brut","2013","2013","millions","1274443.916252","X","Sources internationales sûres",""
"MK","Indicateurs macro","145","Micronésie (États fédérés de)","6110","Valeur US $","22008","Produit Intérieur Brut","2003","2003","millions","244.921665","X","Sources internationales sûres",""
"MK","Indicateurs macro","145","Micronésie (États fédérés de)","6110","Valeur US $","22008","Produit Intérieur Brut","2013","2013","millions","317.2","X","Sources internationales sûres",""
"MK","Indicateurs macro","140","Monaco","6110","Valeur US $","22008","Produit Intérieur Brut","2003","2003","millions","3522.288922","X","Sources internationales sûres",""
"MK","Indicateurs macro","140","Monaco","6110","Valeur US $","22008","Produit Intérieur Brut","2013","2013","millions","6553.688632","X","Sources internationales sûres",""
"MK","Indicateurs macro","141","Mongolie","6110","Valeur US $","22008","Produit Intérieur Brut","2003","2003","millions","1849.734484","X","Sources internationales sûres",""
"MK","Indicateurs macro","141","Mongolie","6110","Valeur US $","22008","Produit Intérieur Brut","2013","2013","millions","12582.094621","X","Sources internationales sûres",""
"MK","Indicateurs macro","273","Monténégro","6110","Valeur US $","22008","Produit Intérieur Brut","2003","2003","millions","1720.707104","X","Sources internationales sûres",""
"MK","Indicateurs macro","273","Monténégro","6110","Valeur US $","22008","Produit Intérieur Brut","2013","2013","millions","4464.52766","X","Sources internationales sûres",""
"MK","Indicateurs macro","142","Montserrat","6110","Valeur US $","22008","Produit Intérieur Brut","2003","2003","millions","41.3","X","Sources internationales sûres",""
"MK","Indicateurs macro","142","Montserrat","6110","Valeur US $","22008","Produit Intérieur Brut","2013","2013","millions","59.485185","X","Sources internationales sûres",""
"MK","Indicateurs macro","144","Mozambique","6110","Valeur US $","22008","Produit Intérieur Brut","2003","2003","millions","6303.399758","X","Sources internationales sûres",""
"MK","Indicateurs macro","144","Mozambique","6110","Valeur US $","22008","Produit Intérieur Brut","2013","2013","millions","16974.314402","X","Sources internationales sûres",""
"MK","Indicateurs macro","28","Myanmar","6110","Valeur US $","22008","Produit Intérieur Brut","2003","2003","millions","10800.993569","X","Sources internationales sûres",""
"MK","Indicateurs macro","28","Myanmar","6110","Valeur US $","22008","Produit Intérieur Brut","2013","2013","millions","66022.609949","X","Sources internationales sûres",""
"MK","Indicateurs macro","147","Namibie","6110","Valeur US $","22008","Produit Intérieur Brut","2003","2003","millions","4811.962751","X","Sources internationales sûres",""
"MK","Indicateurs macro","147","Namibie","6110","Valeur US $","22008","Produit Intérieur Brut","2013","2013","millions","12129.445518","X","Sources internationales sûres",""
"MK","Indicateurs macro","148","Nauru","6110","Valeur US $","22008","Produit Intérieur Brut","2003","2003","millions","24.101093","X","Sources internationales sûres",""
"MK","Indicateurs macro","148","Nauru","6110","Valeur US $","22008","Produit Intérieur Brut","2013","2013","millions","118.178364","X","Sources internationales sûres",""
"MK","Indicateurs macro","149","Népal","6110","Valeur US $","22008","Produit Intérieur Brut","2003","2003","millions","6464.691914","X","Sources internationales sûres",""
"MK","Indicateurs macro","149","Népal","6110","Valeur US $","22008","Produit Intérieur Brut","2013","2013","millions","18227.220589","X","Sources internationales sûres",""
"MK","Indicateurs macro","157","Nicaragua","6110","Valeur US $","22008","Produit Intérieur Brut","2003","2003","millions","5304.48589","X","Sources internationales sûres",""
"MK","Indicateurs macro","157","Nicaragua","6110","Valeur US $","22008","Produit Intérieur Brut","2013","2013","millions","10982.988173","X","Sources internationales sûres",""
"MK","Indicateurs macro","158","Niger","6110","Valeur US $","22008","Produit Intérieur Brut","2003","2003","millions","3518.751998","X","Sources internationales sûres",""
"MK","Indicateurs macro","158","Niger","6110","Valeur US $","22008","Produit Intérieur Brut","2013","2013","millions","10217.942435","X","Sources internationales sûres",""
"MK","Indicateurs macro","159","Nigéria","6110","Valeur US $","22008","Produit Intérieur Brut","2003","2003","millions","104911.988428","X","Sources internationales sûres",""
"MK","Indicateurs macro","159","Nigéria","6110","Valeur US $","22008","Produit Intérieur Brut","2013","2013","millions","514966.205496","X","Sources internationales sûres",""
"MK","Indicateurs macro","162","Norvège","6110","Valeur US $","22008","Produit Intérieur Brut","2003","2003","millions","228857.968094","X","Sources internationales sûres",""
"MK","Indicateurs macro","162","Norvège","6110","Valeur US $","22008","Produit Intérieur Brut","2013","2013","millions","522761.531915","X","Sources internationales sûres",""
"MK","Indicateurs macro","153","Nouvelle-Calédonie","6110","Valeur US $","22008","Produit Intérieur Brut","2003","2003","millions","4904.335297","X","Sources internationales sûres",""
"MK","Indicateurs macro","153","Nouvelle-Calédonie","6110","Valeur US $","22008","Produit Intérieur Brut","2013","2013","millions","10148.497701","X","Sources internationales sûres",""
"MK","Indicateurs macro","156","Nouvelle-Zélande","6110","Valeur US $","22008","Produit Intérieur Brut","2003","2003","millions","83910.383617","X","Sources internationales sûres",""
"MK","Indicateurs macro","156","Nouvelle-Zélande","6110","Valeur US $","22008","Produit Intérieur Brut","2013","2013","millions","190784.384693","X","Sources internationales sûres",""
"MK","Indicateurs macro","221","Oman","6110","Valeur US $","22008","Produit Intérieur Brut","2003","2003","millions","21633.708221","X","Sources internationales sûres",""
"MK","Indicateurs macro","221","Oman","6110","Valeur US $","22008","Produit Intérieur Brut","2013","2013","millions","78555.637365","X","Sources internationales sûres",""
"MK","Indicateurs macro","226","Ouganda","6110","Valeur US $","22008","Produit Intérieur Brut","2003","2003","millions","7834.565335","X","Sources internationales sûres",""
"MK","Indicateurs macro","226","Ouganda","6110","Valeur US $","22008","Produit Intérieur Brut","2013","2013","millions","25713.233607","X","Sources internationales sûres",""
"MK","Indicateurs macro","235","Ouzbékistan","6110","Valeur US $","22008","Produit Intérieur Brut","2003","2003","millions","12056.702234","X","Sources internationales sûres",""
"MK","Indicateurs macro","235","Ouzbékistan","6110","Valeur US $","22008","Produit Intérieur Brut","2013","2013","millions","68997.174262","X","Sources internationales sûres",""
"MK","Indicateurs macro","165","Pakistan","6110","Valeur US $","22008","Produit Intérieur Brut","2003","2003","millions","90990.621089","X","Sources internationales sûres",""
"MK","Indicateurs macro","165","Pakistan","6110","Valeur US $","22008","Produit Intérieur Brut","2013","2013","millions","220268.616258","X","Sources internationales sûres",""
"MK","Indicateurs macro","180","Palaos","6110","Valeur US $","22008","Produit Intérieur Brut","2003","2003","millions","157.963","X","Sources internationales sûres",""
"MK","Indicateurs macro","180","Palaos","6110","Valeur US $","22008","Produit Intérieur Brut","2013","2013","millions","223.388391","X","Sources internationales sûres",""
"MK","Indicateurs macro","299","Palestine","6110","Valeur US $","22008","Produit Intérieur Brut","2003","2003","millions","3968","X","Sources internationales sûres",""
"MK","Indicateurs macro","299","Palestine","6110","Valeur US $","22008","Produit Intérieur Brut","2013","2013","millions","13515.5","X","Sources internationales sûres",""
"MK","Indicateurs macro","166","Panama","6110","Valeur US $","22008","Produit Intérieur Brut","2003","2003","millions","13141.769599","X","Sources internationales sûres",""
"MK","Indicateurs macro","166","Panama","6110","Valeur US $","22008","Produit Intérieur Brut","2013","2013","millions","45599.994005","X","Sources internationales sûres",""
"MK","Indicateurs macro","168","Papouasie-Nouvelle-Guinée","6110","Valeur US $","22008","Produit Intérieur Brut","2003","2003","millions","5616.509038","X","Sources internationales sûres",""
"MK","Indicateurs macro","168","Papouasie-Nouvelle-Guinée","6110","Valeur US $","22008","Produit Intérieur Brut","2013","2013","millions","21261.338048","X","Sources internationales sûres",""
"MK","Indicateurs macro","169","Paraguay","6110","Valeur US $","22008","Produit Intérieur Brut","2003","2003","millions","8527.708862","X","Sources internationales sûres",""
"MK","Indicateurs macro","169","Paraguay","6110","Valeur US $","22008","Produit Intérieur Brut","2013","2013","millions","38585.318041","X","Sources internationales sûres",""
"MK","Indicateurs macro","150","Pays-Bas","6110","Valeur US $","22008","Produit Intérieur Brut","2003","2003","millions","578770.006048","X","Sources internationales sûres",""
"MK","Indicateurs macro","150","Pays-Bas","6110","Valeur US $","22008","Produit Intérieur Brut","2013","2013","millions","876923.51885","X","Sources internationales sûres",""
"MK","Indicateurs macro","170","Pérou","6110","Valeur US $","22008","Produit Intérieur Brut","2003","2003","millions","58743.406219","X","Sources internationales sûres",""
"MK","Indicateurs macro","170","Pérou","6110","Valeur US $","22008","Produit Intérieur Brut","2013","2013","millions","201175.541637","X","Sources internationales sûres",""
"MK","Indicateurs macro","171","Philippines","6110","Valeur US $","22008","Produit Intérieur Brut","2003","2003","millions","83908.155047","X","Sources internationales sûres",""
"MK","Indicateurs macro","171","Philippines","6110","Valeur US $","22008","Produit Intérieur Brut","2013","2013","millions","271836.220873","X","Sources internationales sûres",""
"MK","Indicateurs macro","173","Pologne","6110","Valeur US $","22008","Produit Intérieur Brut","2003","2003","millions","217828.661057","X","Sources internationales sûres",""
"MK","Indicateurs macro","173","Pologne","6110","Valeur US $","22008","Produit Intérieur Brut","2013","2013","millions","521013.515295","X","Sources internationales sûres",""
"MK","Indicateurs macro","70","Polynésie française","6110","Valeur US $","22008","Produit Intérieur Brut","2003","2003","millions","4922.602247","X","Sources internationales sûres",""
"MK","Indicateurs macro","70","Polynésie française","6110","Valeur US $","22008","Produit Intérieur Brut","2013","2013","millions","6030.112753","X","Sources internationales sûres",""
"MK","Indicateurs macro","177","Porto Rico","6110","Valeur US $","22008","Produit Intérieur Brut","2003","2003","millions","75878.722302","X","Sources internationales sûres",""
"MK","Indicateurs macro","177","Porto Rico","6110","Valeur US $","22008","Produit Intérieur Brut","2013","2013","millions","102450","X","Sources internationales sûres",""
"MK","Indicateurs macro","174","Portugal","6110","Valeur US $","22008","Produit Intérieur Brut","2003","2003","millions","164855.784907","X","Sources internationales sûres",""
"MK","Indicateurs macro","174","Portugal","6110","Valeur US $","22008","Produit Intérieur Brut","2013","2013","millions","226369.502104","X","Sources internationales sûres",""
"MK","Indicateurs macro","179","Qatar","6110","Valeur US $","22008","Produit Intérieur Brut","2003","2003","millions","23533.791209","X","Sources internationales sûres",""
"MK","Indicateurs macro","179","Qatar","6110","Valeur US $","22008","Produit Intérieur Brut","2013","2013","millions","198727.642979","X","Sources internationales sûres",""
"MK","Indicateurs macro","212","République arabe syrienne","6110","Valeur US $","22008","Produit Intérieur Brut","2003","2003","millions","20857.553398","X","Sources internationales sûres",""
"MK","Indicateurs macro","212","République arabe syrienne","6110","Valeur US $","22008","Produit Intérieur Brut","2013","2013","millions","27016.195586","X","Sources internationales sûres",""
"MK","Indicateurs macro","37","République centrafricaine","6110","Valeur US $","22008","Produit Intérieur Brut","2003","2003","millions","1192.51345","X","Sources internationales sûres",""
"MK","Indicateurs macro","37","République centrafricaine","6110","Valeur US $","22008","Produit Intérieur Brut","2013","2013","millions","1691.064342","X","Sources internationales sûres",""
"MK","Indicateurs macro","117","République de Corée","6110","Valeur US $","22008","Produit Intérieur Brut","2003","2003","millions","702714.874851","X","Sources internationales sûres",""
"MK","Indicateurs macro","117","République de Corée","6110","Valeur US $","22008","Produit Intérieur Brut","2013","2013","millions","1370795.179109","X","Sources internationales sûres",""
"MK","Indicateurs macro","146","République de Moldova","6110","Valeur US $","22008","Produit Intérieur Brut","2003","2003","millions","2377.045542","X","Sources internationales sûres",""
"MK","Indicateurs macro","146","République de Moldova","6110","Valeur US $","22008","Produit Intérieur Brut","2013","2013","millions","9496.717702","X","Sources internationales sûres",""
"MK","Indicateurs macro","250","République démocratique du Congo","6110","Valeur US $","22008","Produit Intérieur Brut","2003","2003","millions","8937.648681","X","Sources internationales sûres",""
"MK","Indicateurs macro","250","République démocratique du Congo","6110","Valeur US $","22008","Produit Intérieur Brut","2013","2013","millions","32671.706985","X","Sources internationales sûres",""
"MK","Indicateurs macro","120","République démocratique populaire lao","6110","Valeur US $","22008","Produit Intérieur Brut","2003","2003","millions","2184.279301","X","Sources internationales sûres",""
"MK","Indicateurs macro","120","République démocratique populaire lao","6110","Valeur US $","22008","Produit Intérieur Brut","2013","2013","millions","11942.233835","X","Sources internationales sûres",""
"MK","Indicateurs macro","56","République dominicaine","6110","Valeur US $","22008","Produit Intérieur Brut","2003","2003","millions","20389.120903","X","Sources internationales sûres",""
"MK","Indicateurs macro","56","République dominicaine","6110","Valeur US $","22008","Produit Intérieur Brut","2013","2013","millions","62661.707772","X","Sources internationales sûres",""
"MK","Indicateurs macro","116","République populaire démocratique de Corée","6110","Valeur US $","22008","Produit Intérieur Brut","2003","2003","millions","11051","X","Sources internationales sûres",""
"MK","Indicateurs macro","116","République populaire démocratique de Corée","6110","Valeur US $","22008","Produit Intérieur Brut","2013","2013","millions","16565.034101","X","Sources internationales sûres",""
"MK","Indicateurs macro","215","République-Unie de Tanzanie","6110","Valeur US $","22008","Produit Intérieur Brut","2003","2003","millions","14503.985345","X","Sources internationales sûres",""
"MK","Indicateurs macro","215","République-Unie de Tanzanie","6110","Valeur US $","22008","Produit Intérieur Brut","2013","2013","millions","46749.830038","X","Sources internationales sûres",""
"MK","Indicateurs macro","183","Roumanie","6110","Valeur US $","22008","Produit Intérieur Brut","2003","2003","millions","59867.643355","X","Sources internationales sûres",""
"MK","Indicateurs macro","183","Roumanie","6110","Valeur US $","22008","Produit Intérieur Brut","2013","2013","millions","190948.11068","X","Sources internationales sûres",""
"MK","Indicateurs macro","229","Royaume-Uni de Grande-Bretagne et d'Irlande du Nord","6110","Valeur US $","22008","Produit Intérieur Brut","2003","2003","millions","2051011.269894","X","Sources internationales sûres",""
"MK","Indicateurs macro","229","Royaume-Uni de Grande-Bretagne et d'Irlande du Nord","6110","Valeur US $","22008","Produit Intérieur Brut","2013","2013","millions","2783251.090199","X","Sources internationales sûres",""
"MK","Indicateurs macro","184","Rwanda","6110","Valeur US $","22008","Produit Intérieur Brut","2003","2003","millions","2138.91814","X","Sources internationales sûres",""
"MK","Indicateurs macro","184","Rwanda","6110","Valeur US $","22008","Produit Intérieur Brut","2013","2013","millions","7818.927803","X","Sources internationales sûres",""
"MK","Indicateurs macro","189","Sainte-Lucie","6110","Valeur US $","22008","Produit Intérieur Brut","2003","2003","millions","964.518306","X","Sources internationales sûres",""
"MK","Indicateurs macro","189","Sainte-Lucie","6110","Valeur US $","22008","Produit Intérieur Brut","2013","2013","millions","1664.818519","X","Sources internationales sûres",""
"MK","Indicateurs macro","188","Saint-Kitts-et-Nevis","6110","Valeur US $","22008","Produit Intérieur Brut","2003","2003","millions","469.4","X","Sources internationales sûres",""
"MK","Indicateurs macro","188","Saint-Kitts-et-Nevis","6110","Valeur US $","22008","Produit Intérieur Brut","2013","2013","millions","839.774074","X","Sources internationales sûres",""
"MK","Indicateurs macro","192","Saint-Marin","6110","Valeur US $","22008","Produit Intérieur Brut","2003","2003","millions","1655.327594","X","Sources internationales sûres",""
"MK","Indicateurs macro","192","Saint-Marin","6110","Valeur US $","22008","Produit Intérieur Brut","2013","2013","millions","1865.014772","X","Sources internationales sûres",""
"MK","Indicateurs macro","191","Saint-Vincent-et-les Grenadines","6110","Valeur US $","22008","Produit Intérieur Brut","2003","2003","millions","481.803704","X","Sources internationales sûres",""
"MK","Indicateurs macro","191","Saint-Vincent-et-les Grenadines","6110","Valeur US $","22008","Produit Intérieur Brut","2013","2013","millions","721.207407","X","Sources internationales sûres",""
"MK","Indicateurs macro","244","Samoa","6110","Valeur US $","22008","Produit Intérieur Brut","2003","2003","millions","330.770833","X","Sources internationales sûres",""
"MK","Indicateurs macro","244","Samoa","6110","Valeur US $","22008","Produit Intérieur Brut","2013","2013","millions","763.966019","X","Sources internationales sûres",""
"MK","Indicateurs macro","193","Sao Tomé-et-Principe","6110","Valeur US $","22008","Produit Intérieur Brut","2003","2003","millions","96.343939","X","Sources internationales sûres",""
"MK","Indicateurs macro","193","Sao Tomé-et-Principe","6110","Valeur US $","22008","Produit Intérieur Brut","2013","2013","millions","302.925497","X","Sources internationales sûres",""
"MK","Indicateurs macro","195","Sénégal","6110","Valeur US $","22008","Produit Intérieur Brut","2003","2003","millions","8875.670161","X","Sources internationales sûres",""
"MK","Indicateurs macro","195","Sénégal","6110","Valeur US $","22008","Produit Intérieur Brut","2013","2013","millions","19209.970131","X","Sources internationales sûres",""
"MK","Indicateurs macro","272","Serbie","6110","Valeur US $","22008","Produit Intérieur Brut","2003","2003","millions","22482.355561","X","Sources internationales sûres",""
"MK","Indicateurs macro","272","Serbie","6110","Valeur US $","22008","Produit Intérieur Brut","2013","2013","millions","48394.267889","X","Sources internationales sûres",""
"MK","Indicateurs macro","196","Seychelles","6110","Valeur US $","22008","Produit Intérieur Brut","2003","2003","millions","846.384798","X","Sources internationales sûres",""
"MK","Indicateurs macro","196","Seychelles","6110","Valeur US $","22008","Produit Intérieur Brut","2013","2013","millions","1328.08753","X","Sources internationales sûres",""
"MK","Indicateurs macro","197","Sierra Leone","6110","Valeur US $","22008","Produit Intérieur Brut","2003","2003","millions","1385.78548","X","Sources internationales sûres",""
"MK","Indicateurs macro","197","Sierra Leone","6110","Valeur US $","22008","Produit Intérieur Brut","2013","2013","millions","4920.343197","X","Sources internationales sûres",""
"MK","Indicateurs macro","200","Singapour","6110","Valeur US $","22008","Produit Intérieur Brut","2003","2003","millions","97646.382413","X","Sources internationales sûres",""
"MK","Indicateurs macro","200","Singapour","6110","Valeur US $","22008","Produit Intérieur Brut","2013","2013","millions","307576.360585","X","Sources internationales sûres",""
"MK","Indicateurs macro","280","Sint Maarten (partie néerlandaise)","6110","Valeur US $","22008","Produit Intérieur Brut","2013","2013","millions","1022.919497","X","Sources internationales sûres",""
"MK","Indicateurs macro","199","Slovaquie","6110","Valeur US $","22008","Produit Intérieur Brut","2003","2003","millions","33981.839626","X","Sources internationales sûres",""
"MK","Indicateurs macro","199","Slovaquie","6110","Valeur US $","22008","Produit Intérieur Brut","2013","2013","millions","98848.641555","X","Sources internationales sûres",""
"MK","Indicateurs macro","198","Slovénie","6110","Valeur US $","22008","Produit Intérieur Brut","2003","2003","millions","29635.734155","X","Sources internationales sûres",""
"MK","Indicateurs macro","198","Slovénie","6110","Valeur US $","22008","Produit Intérieur Brut","2013","2013","millions","48401.896808","X","Sources internationales sûres",""
"MK","Indicateurs macro","201","Somalie","6110","Valeur US $","22008","Produit Intérieur Brut","2003","2003","millions","1516.743116","X","Sources internationales sûres",""
"MK","Indicateurs macro","201","Somalie","6110","Valeur US $","22008","Produit Intérieur Brut","2013","2013","millions","1762.619405","X","Sources internationales sûres",""
"MK","Indicateurs macro","276","Soudan","6110","Valeur US $","22008","Produit Intérieur Brut","2013","2013","millions","63933.59451","X","Sources internationales sûres",""
"MK","Indicateurs macro","206","Soudan (ex)","6110","Valeur US $","22008","Produit Intérieur Brut","2003","2003","millions","21355.295465","X","Sources internationales sûres",""
"MK","Indicateurs macro","277","Soudan du Sud","6110","Valeur US $","22008","Produit Intérieur Brut","2013","2013","millions","12677.603591","X","Sources internationales sûres",""
"MK","Indicateurs macro","38","Sri Lanka","6110","Valeur US $","22008","Produit Intérieur Brut","2003","2003","millions","21609.196009","X","Sources internationales sûres",""
"MK","Indicateurs macro","38","Sri Lanka","6110","Valeur US $","22008","Produit Intérieur Brut","2013","2013","millions","74317.788943","X","Sources internationales sûres",""
"MK","Indicateurs macro","210","Suède","6110","Valeur US $","22008","Produit Intérieur Brut","2003","2003","millions","334337.040047","X","Sources internationales sûres",""
"MK","Indicateurs macro","210","Suède","6110","Valeur US $","22008","Produit Intérieur Brut","2013","2013","millions","586841.821797","X","Sources internationales sûres",""
"MK","Indicateurs macro","211","Suisse","6110","Valeur US $","22008","Produit Intérieur Brut","2003","2003","millions","363076.549539","X","Sources internationales sûres",""
"MK","Indicateurs macro","211","Suisse","6110","Valeur US $","22008","Produit Intérieur Brut","2013","2013","millions","712748.124223","X","Sources internationales sûres",""
"MK","Indicateurs macro","207","Suriname","6110","Valeur US $","22008","Produit Intérieur Brut","2003","2003","millions","1557.921751","X","Sources internationales sûres",""
"MK","Indicateurs macro","207","Suriname","6110","Valeur US $","22008","Produit Intérieur Brut","2013","2013","millions","5145.655455","X","Sources internationales sûres",""
"MK","Indicateurs macro","208","Tadjikistan","6110","Valeur US $","22008","Produit Intérieur Brut","2003","2003","millions","1555.024444","X","Sources internationales sûres",""
"MK","Indicateurs macro","208","Tadjikistan","6110","Valeur US $","22008","Produit Intérieur Brut","2013","2013","millions","8506.19547","X","Sources internationales sûres",""
"MK","Indicateurs macro","39","Tchad","6110","Valeur US $","22008","Produit Intérieur Brut","2003","2003","millions","3096.886395","X","Sources internationales sûres",""
"MK","Indicateurs macro","39","Tchad","6110","Valeur US $","22008","Produit Intérieur Brut","2013","2013","millions","13807.443695","X","Sources internationales sûres",""
"MK","Indicateurs macro","167","Tchéquie","6110","Valeur US $","22008","Produit Intérieur Brut","2003","2003","millions","100090.467581","X","Sources internationales sûres",""
"MK","Indicateurs macro","167","Tchéquie","6110","Valeur US $","22008","Produit Intérieur Brut","2013","2013","millions","211685.616593","X","Sources internationales sûres",""
"MK","Indicateurs macro","216","Thaïlande","6110","Valeur US $","22008","Produit Intérieur Brut","2003","2003","millions","152280.616469","X","Sources internationales sûres",""
"MK","Indicateurs macro","216","Thaïlande","6110","Valeur US $","22008","Produit Intérieur Brut","2013","2013","millions","420333.691698","X","Sources internationales sûres",""
"MK","Indicateurs macro","176","Timor-Leste","6110","Valeur US $","22008","Produit Intérieur Brut","2003","2003","millions","490.397951","X","Sources internationales sûres",""
"MK","Indicateurs macro","176","Timor-Leste","6110","Valeur US $","22008","Produit Intérieur Brut","2013","2013","millions","1395.52535","X","Sources internationales sûres",""
"MK","Indicateurs macro","217","Togo","6110","Valeur US $","22008","Produit Intérieur Brut","2003","2003","millions","2111.093148","X","Sources internationales sûres",""
"MK","Indicateurs macro","217","Togo","6110","Valeur US $","22008","Produit Intérieur Brut","2013","2013","millions","5009.185153","X","Sources internationales sûres",""
"MK","Indicateurs macro","219","Tonga","6110","Valeur US $","22008","Produit Intérieur Brut","2003","2003","millions","206.922433","X","Sources internationales sûres",""
"MK","Indicateurs macro","219","Tonga","6110","Valeur US $","22008","Produit Intérieur Brut","2013","2013","millions","440.50296","X","Sources internationales sûres",""
"MK","Indicateurs macro","220","Trinité-et-Tobago","6110","Valeur US $","22008","Produit Intérieur Brut","2003","2003","millions","11335.845702","X","Sources internationales sûres",""
"MK","Indicateurs macro","220","Trinité-et-Tobago","6110","Valeur US $","22008","Produit Intérieur Brut","2013","2013","millions","27268.350936","X","Sources internationales sûres",""
"MK","Indicateurs macro","222","Tunisie","6110","Valeur US $","22008","Produit Intérieur Brut","2003","2003","millions","27453.895159","X","Sources internationales sûres",""
"MK","Indicateurs macro","222","Tunisie","6110","Valeur US $","22008","Produit Intérieur Brut","2013","2013","millions","46252.260219","X","Sources internationales sûres",""
"MK","Indicateurs macro","213","Turkménistan","6110","Valeur US $","22008","Produit Intérieur Brut","2003","2003","millions","11283.414529","X","Sources internationales sûres",""
"MK","Indicateurs macro","213","Turkménistan","6110","Valeur US $","22008","Produit Intérieur Brut","2013","2013","millions","39197.54386","X","Sources internationales sûres",""
"MK","Indicateurs macro","223","Turquie","6110","Valeur US $","22008","Produit Intérieur Brut","2003","2003","millions","314595.528225","X","Sources internationales sûres",""
"MK","Indicateurs macro","223","Turquie","6110","Valeur US $","22008","Produit Intérieur Brut","2013","2013","millions","957798.997979","X","Sources internationales sûres",""
"MK","Indicateurs macro","227","Tuvalu","6110","Valeur US $","22008","Produit Intérieur Brut","2003","2003","millions","18.357812","X","Sources internationales sûres",""
"MK","Indicateurs macro","227","Tuvalu","6110","Valeur US $","22008","Produit Intérieur Brut","2013","2013","millions","37.10794","X","Sources internationales sûres",""
"MK","Indicateurs macro","230","Ukraine","6110","Valeur US $","22008","Produit Intérieur Brut","2003","2003","millions","52010.352502","X","Sources internationales sûres",""
"MK","Indicateurs macro","230","Ukraine","6110","Valeur US $","22008","Produit Intérieur Brut","2013","2013","millions","183310.146378","X","Sources internationales sûres",""
"MK","Indicateurs macro","234","Uruguay","6110","Valeur US $","22008","Produit Intérieur Brut","2003","2003","millions","12045.652609","X","Sources internationales sûres",""
"MK","Indicateurs macro","234","Uruguay","6110","Valeur US $","22008","Produit Intérieur Brut","2013","2013","millions","57531.224151","X","Sources internationales sûres",""
"MK","Indicateurs macro","155","Vanuatu","6110","Valeur US $","22008","Produit Intérieur Brut","2003","2003","millions","314.455046","X","Sources internationales sûres",""
"MK","Indicateurs macro","155","Vanuatu","6110","Valeur US $","22008","Produit Intérieur Brut","2013","2013","millions","801.787556","X","Sources internationales sûres",""
"MK","Indicateurs macro","236","Venezuela (République bolivarienne du)","6110","Valeur US $","22008","Produit Intérieur Brut","2003","2003","millions","83529.234838","X","Sources internationales sûres",""
"MK","Indicateurs macro","236","Venezuela (République bolivarienne du)","6110","Valeur US $","22008","Produit Intérieur Brut","2013","2013","millions","371338.321702","X","Sources internationales sûres",""
"MK","Indicateurs macro","237","Viet Nam","6110","Valeur US $","22008","Produit Intérieur Brut","2003","2003","millions","39552.513231","X","Sources internationales sûres",""
"MK","Indicateurs macro","237","Viet Nam","6110","Valeur US $","22008","Produit Intérieur Brut","2013","2013","millions","171222.02539","X","Sources internationales sûres",""
"MK","Indicateurs macro","249","Yémen","6110","Valeur US $","22008","Produit Intérieur Brut","2003","2003","millions","13555.49052","X","Sources internationales sûres",""
"MK","Indicateurs macro","249","Yémen","6110","Valeur US $","22008","Produit Intérieur Brut","2013","2013","millions","34755.287255","X","Sources internationales sûres",""
"MK","Indicateurs macro","251","Zambie","6110","Valeur US $","22008","Produit Intérieur Brut","2003","2003","millions","4901.869723","X","Sources internationales sûres",""
"MK","Indicateurs macro","251","Zambie","6110","Valeur US $","22008","Produit Intérieur Brut","2013","2013","millions","26585.248763","X","Sources internationales sûres",""
"MK","Indicateurs macro","181","Zimbabwe","6110","Valeur US $","22008","Produit Intérieur Brut","2003","2003","millions","7746.503219","X","Sources internationales sûres",""
"MK","Indicateurs macro","181","Zimbabwe","6110","Valeur US $","22008","Produit Intérieur Brut","2013","2013","millions","19091.019987","X","Sources internationales sûres",""
